product_category,total_revenue,avg_revenue,total_orders,total_quantity
Books,46933.4135,314.9893523489933,149,432
Clothing,55779.466,311.6171284916201,179,552
Electronics,80815.03,299.31492592592593,270,829
Home & Garden,76753.6165,314.5640020491803,244,756
Sports,52090.7695,329.688414556962,158,469
