age_groups,total_revenue,avg_order_value,unique_customers,avg_quantity_per_order
18-25,46518.4275,316.451887755102,147,3.1360544217687076
26-35,69075.636,318.32090322580643,217,3.0414746543778803
36-45,62261.093,322.5963367875648,193,3.150259067357513
46-55,57300.022,303.17471957671955,189,2.9206349206349205
56+,77217.117,304.00439763779525,254,2.9803149606299213
