discount_applied,avg_order_value,total_revenue,num_orders,revenue_per_order
0,343.91884105960264,103863.49,302,343.92
5,331.9927699275362,91630.0045,276,331.99
10,285.5764137931035,66253.728,232,285.58
15,273.4232402597402,42107.179,154,273.42
20,236.60816666666668,8517.894,36,236.61
