order_month,total_revenue,avg_revenue,total_orders
1,30989.273,322.8049270833333,96
2,19216.0685,286.8069925373135,67
3,24996.206,304.83178048780485,82
4,29611.4575,340.3615804597701,87
5,26700.862,300.00968539325845,89
6,25334.9925,308.9633231707317,82
7,28243.5225,317.34294943820225,89
8,24777.1875,334.8268581081081,74
9,21264.521,279.7963289473684,76
10,25392.427,295.26077906976747,86
11,25736.4455,302.7817117647059,85
12,30109.3325,346.0842816091954,87
