customer_region,total_revenue,avg_revenue,total_customers,total_orders
East,73685.9945,293.56969920318727,251,251
North,87838.991,336.54785823754787,261,261
South,78803.6285,311.4767924901186,253,253
West,72043.6815,306.5688574468085,235,235
