product_name,total_revenue
Product_21,8777.017
Product_58,6699.028
Product_2,6661.899
Product_60,6580.9484999999995
Product_36,6328.987999999999
Product_32,5616.1635
Product_92,5470.237
Product_3,5409.562
Product_99,5366.644
Product_30,5303.59
